<?xml version="1.0" encoding="utf-8"?>
<customapirequestparameter uniquename="topic">
  <description default="Reference to topic (msdynmkt_topic entity)">
    <label description="Reference to topic (msdynmkt_topic entity)" languagecode="1033" />
  </description>
  <displayname default="Topic">
    <label description="Topic" languagecode="1033" />
  </displayname>
  <iscustomizable>0</iscustomizable>
  <isoptional>1</isoptional>
  <logicalentityname></logicalentityname>
  <name>Topic</name>
  <type>5</type>
  <statecode>1</statecode>
  <statuscode>2</statuscode>
</customapirequestparameter>