﻿<?xml version="1.0" encoding="utf-8"?>
<EntityRelationships xmlns:xsi="http://www.w3.org/2001/XMLSchema-instance">
    <EntityRelationship Name="msdynmkt_compliancesettings4_contoso_complianceprofileextension">
        <EntityRelationshipType>OneToMany</EntityRelationshipType>
        <IsCustomizable>0</IsCustomizable>
        <IntroducedVersion>1.0.0.0</IntroducedVersion>
        <IsHierarchical>0</IsHierarchical>
        <ReferencingEntityName>msdynmkt_compliancesettings4</ReferencingEntityName>
        <ReferencedEntityName>contoso_complianceprofileextension</ReferencedEntityName>
        <CascadeAssign>NoCascade</CascadeAssign>
        <CascadeDelete>Cascade</CascadeDelete>
        <CascadeReparent>NoCascade</CascadeReparent>
        <CascadeShare>NoCascade</CascadeShare>
        <CascadeUnshare>NoCascade</CascadeUnshare>
        <CascadeRollupView>NoCascade</CascadeRollupView>
        <IsValidForAdvancedFind>1</IsValidForAdvancedFind>
        <ReferencingAttributeName>msdynmkt_extendedentityId</ReferencingAttributeName>
        <RelationshipDescription>
            <Descriptions>
                <Description description="Extended entity linked to compliance settings." languagecode="1033" />
            </Descriptions>
        </RelationshipDescription>
        <EntityRelationshipRoles>
            <EntityRelationshipRole>
                <NavPaneDisplayOption>UseCollectionName</NavPaneDisplayOption>
                <NavPaneArea>Details</NavPaneArea>
                <NavPaneOrder>10000</NavPaneOrder>
                <NavigationPropertyName>msdynmkt_extendedentityId_contoso_complianceprofileextension</NavigationPropertyName>
                <CustomLabels>
                    <CustomLabel description="" languagecode="1033" />
                </CustomLabels>
                <RelationshipRoleType>1</RelationshipRoleType>
            </EntityRelationshipRole>
            <EntityRelationshipRole>
                <NavigationPropertyName>msdynmkt_compliancesettings4_contoso_complianceprofileextension</NavigationPropertyName>
                <RelationshipRoleType>0</RelationshipRoleType>
            </EntityRelationshipRole>
        </EntityRelationshipRoles>
    </EntityRelationship>
</EntityRelationships>