﻿<?xml version="1.0" encoding="utf-8"?>
<EntityRelationships xmlns:xsi="http://www.w3.org/2001/XMLSchema-instance">
  <EntityRelationship Name="owner_contoso_complianceprofileextension">
    <EntityRelationshipType>OneToMany</EntityRelationshipType>
    <IsCustomizable>0</IsCustomizable>
    <IntroducedVersion>1.0</IntroducedVersion>
    <IsHierarchical>0</IsHierarchical>
    <ReferencingEntityName>contoso_complianceprofileextension</ReferencingEntityName>
    <ReferencedEntityName>Owner</ReferencedEntityName>
    <CascadeAssign>NoCascade</CascadeAssign>
    <CascadeDelete>NoCascade</CascadeDelete>
    <CascadeArchive>NoCascade</CascadeArchive>
    <CascadeReparent>NoCascade</CascadeReparent>
    <CascadeShare>NoCascade</CascadeShare>
    <CascadeUnshare>NoCascade</CascadeUnshare>
    <ReferencingAttributeName>OwnerId</ReferencingAttributeName>
    <RelationshipDescription>
      <Descriptions>
        <Description description="Owner Id" languagecode="1033" />
      </Descriptions>
    </RelationshipDescription>
  </EntityRelationship>
  <EntityRelationship Name="owner_contoso_purposeextension">
    <EntityRelationshipType>OneToMany</EntityRelationshipType>
    <IsCustomizable>0</IsCustomizable>
    <IntroducedVersion>1.0.0</IntroducedVersion>
    <IsHierarchical>0</IsHierarchical>
    <ReferencingEntityName>contoso_purposeextension</ReferencingEntityName>
    <ReferencedEntityName>Owner</ReferencedEntityName>
    <CascadeAssign>NoCascade</CascadeAssign>
    <CascadeDelete>NoCascade</CascadeDelete>
    <CascadeArchive>NoCascade</CascadeArchive>
    <CascadeReparent>NoCascade</CascadeReparent>
    <CascadeShare>NoCascade</CascadeShare>
    <CascadeUnshare>NoCascade</CascadeUnshare>
    <ReferencingAttributeName>OwnerId</ReferencingAttributeName>
    <RelationshipDescription>
      <Descriptions>
        <Description description="Owner Id" languagecode="1033" />
      </Descriptions>
    </RelationshipDescription>
  </EntityRelationship>
</EntityRelationships>