﻿<?xml version="1.0" encoding="utf-8"?>
<savedqueries xmlns:xsi="http://www.w3.org/2001/XMLSchema-instance">
  <savedquery>
    <IsCustomizable>1</IsCustomizable>
    <CanBeDeleted>0</CanBeDeleted>
    <isquickfindquery>0</isquickfindquery>
    <isprivate>0</isprivate>
    <isdefault>1</isdefault>
    <savedqueryid>{da9b4d1a-576c-44de-9d31-389f78953145}</savedqueryid>
    <layoutxml>
      <grid name="resultset" jump="contoso_name" select="1" icon="1" preview="1">
        <row name="result" id="contoso_purposeextensionid">
          <cell name="contoso_name" width="300" />
          <cell name="createdon" width="125" />
        </row>
      </grid>
    </layoutxml>
    <querytype>0</querytype>
    <fetchxml>
      <fetch version="1.0" mapping="logical">
        <entity name="contoso_purposeextension">
          <attribute name="contoso_purposeextensionid" />
          <attribute name="contoso_name" />
          <attribute name="createdon" />
          <order attribute="contoso_name" descending="false" />
          <filter type="and">
            <condition attribute="statecode" operator="eq" value="0" />
          </filter>
        </entity>
      </fetch>
    </fetchxml>
    <IntroducedVersion>1.0</IntroducedVersion>
    <LocalizedNames>
      <LocalizedName description="Active Purpose Extensions" languagecode="1033" />
    </LocalizedNames>
  </savedquery>
</savedqueries>