<?xml version="1.0" encoding="utf-8"?>
<customapiresponseproperty uniquename="consents">
  <description default="Whether consents for particular contact point are given or not">
    <label description="Whether consents for particular contact point are given or not" languagecode="1033" />
  </description>
  <displayname default="Consents">
    <label description="Consents" languagecode="1033" />
  </displayname>
  <iscustomizable>0</iscustomizable>
  <isoptional>0</isoptional>
  <logicalentityname></logicalentityname>
  <name>Consents</name>
  <type>4</type>
  <statecode>1</statecode>
  <statuscode>2</statuscode>
</customapiresponseproperty>