<?xml version="1.0" encoding="utf-8"?>
<customapirequestparameter uniquename="correlationheaders">
  <description default="Correlation headers">
    <label description="Correlation headers" languagecode="1033" />
  </description>
  <displayname default="">
    <label description="" languagecode="1033" />
  </displayname>
  <iscustomizable>0</iscustomizable>
  <isoptional>1</isoptional>
  <logicalentityname></logicalentityname>
  <name>Correlation headers</name>
  <type>3</type>
  <statecode>1</statecode>
  <statuscode>2</statuscode>
</customapirequestparameter>