<?xml version="1.0" encoding="utf-8"?>
<customapi uniquename="contoso_checkconsent">
  <allowedcustomprocessingsteptype>0</allowedcustomprocessingsteptype>
  <bindingtype>0</bindingtype>
  <boundentitylogicalname></boundentitylogicalname>
  <description default="Check service for consent">
    <label description="Check service for consent" languagecode="1033" />
  </description>
  <displayname default="Check service for consent">
    <label description="Check service for consent" languagecode="1033" />
  </displayname>
  <executeprivilegename></executeprivilegename>
  <iscustomizable>0</iscustomizable>
  <isfunction>0</isfunction>
  <isprivate>0</isprivate>
  <name>Check service for consent</name>
  <plugintypeid>
    <plugintypeid>6924812f-d0fc-4306-b23d-c0ef87f8229a</plugintypeid>
  </plugintypeid>
  <workflowsdkstepenabled>0</workflowsdkstepenabled>
  <statecode>1</statecode>
  <statuscode>2</statuscode>
</customapi>