<?xml version="1.0" encoding="utf-8"?>
<customapirequestparameter uniquename="complianceprofile">
  <description default="Reference to compliance profile">
    <label description="Reference to compliance profile" languagecode="1033" />
  </description>
  <displayname default="Compliance profile">
    <label description="Compliance profile" languagecode="1033" />
  </displayname>
  <iscustomizable>0</iscustomizable>
  <isoptional>0</isoptional>
  <logicalentityname></logicalentityname>
  <name>Compliance profile</name>
  <type>5</type>
  <statecode>1</statecode>
  <statuscode>2</statuscode>
</customapirequestparameter>