<?xml version="1.0" encoding="utf-8"?>
<msdynmkt_consentprovider msdynmkt_name="contoso_consentprovider">
  <msdynmkt_consentproviderid>6427546f-4be1-4e8d-97cd-3175ce8da767</msdynmkt_consentproviderid>
  <msdynmkt_consentcheckurltemplate>contoso_checkconsent</msdynmkt_consentcheckurltemplate>
  <msdynmkt_consentproviderexternalformidentifier>bc570d27-7d02-4082-b8f2-6e01891cddc1</msdynmkt_consentproviderexternalformidentifier>
  <msdynmkt_consentproviderexternalentity>contoso_complianceprofileextension</msdynmkt_consentproviderexternalentity>
  <msdynmkt_consentproviderexternalpurposeformidentifier>5c109237-a487-472e-b8b2-598eff819960</msdynmkt_consentproviderexternalpurposeformidentifier>
  <msdynmkt_consentproviderexternalpurposeentity>contoso_purposeextension</msdynmkt_consentproviderexternalpurposeentity>
  <msdynmkt_consentresolutionmessageoptions>238550004</msdynmkt_consentresolutionmessageoptions>
  <msdynmkt_consentresolutiontrackingoptions>238550004</msdynmkt_consentresolutiontrackingoptions>
  <msdynmkt_email_consentresolutionmessageoverride>238550001</msdynmkt_email_consentresolutionmessageoverride>
  <msdynmkt_email_consentresolutiontrackingoverride>238550000</msdynmkt_email_consentresolutiontrackingoverride>
  <msdynmkt_oneclickunsubscribesupported>1</msdynmkt_oneclickunsubscribesupported>
</msdynmkt_consentprovider>
