<?xml version="1.0" encoding="utf-8"?>
<customapirequestparameter uniquename="contactpoints">
  <description default="Contact points">
    <label description="Contact points" languagecode="1033" />
  </description>
  <displayname default="Contact points">
    <label description="Contact points" languagecode="1033" />
  </displayname>
  <iscustomizable>0</iscustomizable>
  <isoptional>0</isoptional>
  <logicalentityname></logicalentityname>
  <name>Contact points</name>
  <type>11</type>
  <statecode>1</statecode>
  <statuscode>2</statuscode>
</customapirequestparameter>