﻿<?xml version="1.0" encoding="utf-8"?>
<forms xmlns:xsi="http://www.w3.org/2001/XMLSchema-instance">
  <systemform>
    <formid>{5c109237-a487-472e-b8b2-598eff819960}</formid>
    <IntroducedVersion>1.0</IntroducedVersion>
    <FormPresentation>1</FormPresentation>
    <FormActivationState>1</FormActivationState>
    <form>
      <tabs>
        <tab verticallayout="true" id="{128a3515-6749-4f35-85ae-b1eac93e68ba}" IsUserDefined="1">
          <labels>
            <label description="General" languagecode="1033" />
          </labels>
          <columns>
            <column width="100%">
              <sections>
                <section showlabel="false" showbar="false" IsUserDefined="0" id="{554d8c9c-32fe-4d70-851a-178a5eaf1cde}">
                  <labels>
                    <label description="General" languagecode="1033" />
                  </labels>
                  <rows>
                    <row>
                      <cell id="{ed618164-ed3f-42bf-bdeb-6b9d0bbc11b7}">
                        <labels>
                          <label description="" languagecode="1033" />
                        </labels>
                        <control id="contoso_name" classid="{4273EDBD-AC1D-40d3-9FB2-095C621B552D}" datafieldname="contoso_name" />
                      </cell>
                    </row>
                    <row>
                      <cell id="{42fa4f3b-858b-455f-b473-e7aee2c685d0}">
                        <labels>
                          <label description="" languagecode="1033" />
                        </labels>
                        <control id="ownerid" classid="{270BD3DB-D9AF-4782-9025-509E298DEC0A}" datafieldname="ownerid" />
                      </cell>
                    </row>
                  </rows>
                </section>
              </sections>
            </column>
          </columns>
        </tab>
      </tabs>
    </form>
    <IsCustomizable>1</IsCustomizable>
    <CanBeDeleted>1</CanBeDeleted>
    <LocalizedNames>
      <LocalizedName description="Information" languagecode="1033" />
    </LocalizedNames>
    <Descriptions>
      <Description description="A form for this entity." languagecode="1033" />
    </Descriptions>
  </systemform>
</forms>