﻿<?xml version="1.0" encoding="utf-8"?>
<forms xmlns:xsi="http://www.w3.org/2001/XMLSchema-instance">
  <systemform>
    <formid>{57d514c1-91e5-45b7-b8f5-cb212864d95c}</formid>
    <IntroducedVersion>1.0</IntroducedVersion>
    <FormPresentation>1</FormPresentation>
    <FormActivationState>1</FormActivationState>
    <form>
      <tabs>
        <tab verticallayout="true" id="{f653bcda-9ffb-4685-890d-9d8e025e51cb}" IsUserDefined="1">
          <labels>
            <label description="" languagecode="1033" />
          </labels>
          <columns>
            <column width="100%">
              <sections>
                <section showlabel="false" showbar="false" IsUserDefined="0" id="{dcf7a63c-7fbe-4be4-8c47-ac604f4e70fd}">
                  <labels>
                    <label description="GENERAL" languagecode="1033" />
                  </labels>
                  <rows>
                    <row>
                      <cell id="{89ca3ffc-a79f-4c5f-95bd-5f66f768d3fb}">
                        <labels>
                          <label description="" languagecode="1033" />
                        </labels>
                        <control id="contoso_name" classid="{4273EDBD-AC1D-40d3-9FB2-095C621B552D}" datafieldname="contoso_name" />
                      </cell>
                    </row>
                    <row>
                      <cell id="{58fa0140-6b7a-43cf-8910-b9b4ba0dbe7f}">
                        <labels>
                          <label description="" languagecode="1033" />
                        </labels>
                        <control id="ownerid" classid="{270BD3DB-D9AF-4782-9025-509E298DEC0A}" datafieldname="ownerid" />
                      </cell>
                    </row>
                  </rows>
                </section>
              </sections>
            </column>
          </columns>
        </tab>
      </tabs>
    </form>
    <IsCustomizable>1</IsCustomizable>
    <CanBeDeleted>1</CanBeDeleted>
    <LocalizedNames>
      <LocalizedName description="Information" languagecode="1033" />
    </LocalizedNames>
  </systemform>
</forms>