<?xml version="1.0" encoding="utf-8"?>
<customapirequestparameter uniquename="owningbusinessunit">
  <description default="Reference to owning business unit">
    <label description="Reference to owning business unit" languagecode="1033" />
  </description>
  <displayname default="Owning business unit">
    <label description="Owning business unit" languagecode="1033" />
  </displayname>
  <iscustomizable>0</iscustomizable>
  <isoptional>1</isoptional>
  <logicalentityname></logicalentityname>
  <name>Owning business unit</name>
  <type>5</type>
  <statecode>1</statecode>
  <statuscode>2</statuscode>
</customapirequestparameter>