<?xml version="1.0" encoding="utf-8"?>
<customapirequestparameter uniquename="purpose">
  <description default="Reference to purpose (msdynmkt_purpose entity)">
    <label description="Reference to purpose (msdynmkt_purpose entity)" languagecode="1033" />
  </description>
  <displayname default="Purpose">
    <label description="Purpose" languagecode="1033" />
  </displayname>
  <iscustomizable>0</iscustomizable>
  <isoptional>0</isoptional>
  <logicalentityname></logicalentityname>
  <name>Purpose</name>
  <type>5</type>
  <statecode>1</statecode>
  <statuscode>2</statuscode>
</customapirequestparameter>