﻿<?xml version="1.0" encoding="utf-8"?>
<savedqueries xmlns:xsi="http://www.w3.org/2001/XMLSchema-instance">
  <savedquery>
    <IsCustomizable>1</IsCustomizable>
    <CanBeDeleted>0</CanBeDeleted>
    <isquickfindquery>0</isquickfindquery>
    <isprivate>0</isprivate>
    <isdefault>1</isdefault>
    <savedqueryid>{8c78c021-1797-42d5-b7b1-f666fc57e242}</savedqueryid>
    <layoutxml>
      <grid name="resultset" jump="contoso_name" select="1" icon="1" preview="1">
        <row name="result" id="contoso_complianceprofileextensionid">
          <cell name="contoso_name" width="300" />
          <cell name="createdon" width="125" />
        </row>
      </grid>
    </layoutxml>
    <querytype>1</querytype>
    <fetchxml>
      <fetch version="1.0" mapping="logical">
        <entity name="contoso_complianceprofileextension">
          <attribute name="contoso_complianceprofileextensionid" />
          <attribute name="contoso_name" />
          <attribute name="createdon" />
          <order attribute="contoso_name" descending="false" />
        </entity>
      </fetch>
    </fetchxml>
    <IntroducedVersion>1.0</IntroducedVersion>
    <LocalizedNames>
      <LocalizedName description="Compliance Profile Extension Advanced Find View" languagecode="1033" />
    </LocalizedNames>
  </savedquery>
</savedqueries>