﻿<?xml version="1.0" encoding="utf-8"?>
<savedqueries xmlns:xsi="http://www.w3.org/2001/XMLSchema-instance">
  <savedquery>
    <IsCustomizable>1</IsCustomizable>
    <CanBeDeleted>0</CanBeDeleted>
    <isquickfindquery>1</isquickfindquery>
    <isprivate>0</isprivate>
    <isdefault>1</isdefault>
    <savedqueryid>{94c62772-8040-41b5-9e42-b3c3a05f7803}</savedqueryid>
    <layoutxml>
      <grid name="resultset" jump="contoso_name" select="1" icon="1" preview="1">
        <row name="result" id="contoso_complianceprofileextensionid">
          <cell name="contoso_name" width="300" />
          <cell name="createdon" width="125" />
        </row>
      </grid>
    </layoutxml>
    <querytype>4</querytype>
    <fetchxml>
      <fetch version="1.0" mapping="logical">
        <entity name="contoso_complianceprofileextension">
          <attribute name="contoso_complianceprofileextensionid" />
          <attribute name="contoso_name" />
          <attribute name="createdon" />
          <order attribute="contoso_name" descending="false" />
          <filter type="and">
            <condition attribute="statecode" operator="eq" value="0" />
          </filter>
          <filter type="or" isquickfindfields="1">
            <condition attribute="contoso_name" operator="like" value="{0}" />
          </filter>
        </entity>
      </fetch>
    </fetchxml>
    <IntroducedVersion>1.0</IntroducedVersion>
    <LocalizedNames>
      <LocalizedName description="Quick Find Active Compliance Profile Extensions" languagecode="1033" />
    </LocalizedNames>
  </savedquery>
</savedqueries>