﻿<?xml version="1.0" encoding="utf-8"?>
<savedqueries xmlns:xsi="http://www.w3.org/2001/XMLSchema-instance">
  <savedquery>
    <IsCustomizable>1</IsCustomizable>
    <CanBeDeleted>0</CanBeDeleted>
    <isquickfindquery>0</isquickfindquery>
    <isprivate>0</isprivate>
    <isdefault>1</isdefault>
    <savedqueryid>{cce6f820-3ca0-48ec-b5eb-29ec3bc600a2}</savedqueryid>
    <layoutxml>
      <grid name="contoso_complianceprofileextensions" jump="contoso_name" select="1" icon="1" preview="0">
        <row name="contoso_complianceprofileextension" id="contoso_complianceprofileextensionid">
          <cell name="contoso_name" width="300" />
          <cell name="createdon" width="125" />
        </row>
      </grid>
    </layoutxml>
    <querytype>64</querytype>
    <fetchxml>
      <fetch version="1.0" mapping="logical">
        <entity name="contoso_complianceprofileextension">
          <attribute name="contoso_complianceprofileextensionid" />
          <attribute name="contoso_name" />
          <attribute name="createdon" />
          <filter type="and">
            <condition attribute="statecode" operator="eq" value="0" />
          </filter>
        </entity>
      </fetch>
    </fetchxml>
    <IntroducedVersion>1.0</IntroducedVersion>
    <LocalizedNames>
      <LocalizedName description="Compliance Profile Extension Lookup View" languagecode="1033" />
    </LocalizedNames>
  </savedquery>
</savedqueries>