﻿<?xml version="1.0" encoding="utf-8"?>
<EntityRelationships xmlns:xsi="http://www.w3.org/2001/XMLSchema-instance">
  <EntityRelationship Name="business_unit_contoso_complianceprofileextension" />
  <EntityRelationship Name="lk_contoso_complianceprofileextension_createdby" />
  <EntityRelationship Name="lk_contoso_complianceprofileextension_modifiedby" />
  <EntityRelationship Name="owner_contoso_complianceprofileextension" />
  <EntityRelationship Name="team_contoso_complianceprofileextension" />
  <EntityRelationship Name="user_contoso_complianceprofileextension" />
  <EntityRelationship Name="business_unit_contoso_purposeextension" />
  <EntityRelationship Name="lk_contoso_purposeextension_createdby" />
  <EntityRelationship Name="lk_contoso_purposeextension_modifiedby" />
  <EntityRelationship Name="owner_contoso_purposeextension" />
  <EntityRelationship Name="team_contoso_purposeextension" />
  <EntityRelationship Name="user_contoso_purposeextension" />
  <EntityRelationship Name="msdynmkt_compliancesettings4_contoso_complianceprofileextension" />
  <EntityRelationship Name="msdynmkt_purpose_contoso_purposeextension" />
</EntityRelationships>