<?xml version="1.0" encoding="utf-8"?>
<customapirequestparameter uniquename="channeltype">
  <description default="Channel type - examples - custom, email, push and sms.">
    <label description="Channel type - examples - custom, email, push and sms." languagecode="1033" />
  </description>
  <displayname default="Channel type">
    <label description="Channel type" languagecode="1033" />
  </displayname>
  <iscustomizable>0</iscustomizable>
  <isoptional>0</isoptional>
  <logicalentityname></logicalentityname>
  <name>Channel type</name>
  <type>10</type>
  <statecode>1</statecode>
  <statuscode>2</statuscode>
</customapirequestparameter>