﻿<?xml version="1.0" encoding="utf-8"?>
<forms xmlns:xsi="http://www.w3.org/2001/XMLSchema-instance">
  <systemform>
    <formid>{dfab001c-cef6-4faf-89cb-b4d5429c9db6}</formid>
    <IntroducedVersion>1.0</IntroducedVersion>
    <FormPresentation>1</FormPresentation>
    <FormActivationState>1</FormActivationState>
    <form>
      <tabs>
        <tab verticallayout="true" id="{779db68a-7fd5-4963-a396-ce4f8820d085}" IsUserDefined="1">
          <labels>
            <label description="" languagecode="1033" />
          </labels>
          <columns>
            <column width="100%">
              <sections>
                <section showlabel="false" showbar="false" IsUserDefined="0" id="{d4a23f56-99e9-415c-9ae0-ee1cb5eedc96}">
                  <labels>
                    <label description="GENERAL" languagecode="1033" />
                  </labels>
                  <rows>
                    <row>
                      <cell id="{c2c8015b-698b-4670-8427-d683cadb1937}">
                        <labels>
                          <label description="" languagecode="1033" />
                        </labels>
                        <control id="contoso_name" classid="{4273EDBD-AC1D-40d3-9FB2-095C621B552D}" datafieldname="contoso_name" />
                      </cell>
                    </row>
                    <row>
                      <cell id="{e9158503-1f08-475c-9061-2729d611ee06}">
                        <labels>
                          <label description="" languagecode="1033" />
                        </labels>
                        <control id="ownerid" classid="{270BD3DB-D9AF-4782-9025-509E298DEC0A}" datafieldname="ownerid" />
                      </cell>
                    </row>
                  </rows>
                </section>
              </sections>
            </column>
          </columns>
        </tab>
      </tabs>
    </form>
    <IsCustomizable>1</IsCustomizable>
    <CanBeDeleted>1</CanBeDeleted>
    <LocalizedNames>
      <LocalizedName description="Information" languagecode="1033" />
    </LocalizedNames>
  </systemform>
</forms>