﻿<?xml version="1.0" encoding="utf-8"?>
<PluginAssembly FullName="Contoso.ConsentProviderSample.Plugins, Version=1.0.0.0, Culture=neutral, PublicKeyToken=be33bd99c17fbf85" CustomizationLevel="1" PluginAssemblyId="d41c3678-749a-46cc-a014-4c74bd59ec7a" xmlns:xsi="http://www.w3.org/2001/XMLSchema-instance">
  <IsolationMode>2</IsolationMode>
  <SourceType>0</SourceType>
  <IntroducedVersion>1.0</IntroducedVersion>
    <FileName>/PluginAssemblies/ContosoConsentProviderSamplePlugins-d41c3678-749a-46cc-a014-4c74bd59ec7a/ContosoConsentProviderSamplePlugins.dll</FileName>
  <IsCustomizable>0</IsCustomizable>
  <PluginTypes>
    <PluginType AssemblyQualifiedName="Contoso.ConsentProviderSample.Plugins.CheckConsentPlugin, Contoso.ConsentProviderSample.Plugins, Version=1.0.0.0, Culture=neutral, PublicKeyToken=be33bd99c17fbf85" PluginTypeId="6924812f-d0fc-4306-b23d-c0ef87f8229a" Name="Contoso.ConsentProviderSample.Plugins.CheckConsentPlugin">
      <FriendlyName>f525d5e0-0f61-4554-91eb-4ba010ce39101.0.0.0</FriendlyName>
    </PluginType>
  </PluginTypes>
</PluginAssembly>